65.55.44.108,29
124.239.161.167,423
13.67.53.38,74
14.17.33.13,317
13.107.4.52,70
119.188.166.184,131
111.178.234.60,79
111.178.234.61,78
182.254.99.144,117
184.50.87.57,307
72.246.150.130,318
115.181.79.111,12
72.246.150.139,319
40.100.54.34,522
40.77.226.249,8
183.60.18.70,490
101.199.97.149,503
104.115.154.204,152
72.246.190.16,466
72.246.190.11,467
113.108.1.90,256
23.37.225.212,453
221.228.204.185,281
204.79.197.222,92
211.161.85.171,432
101.37.45.151,510
65.55.252.190,27
23.221.23.212,283
172.217.24.10,273
119.188.166.185,103
157.55.109.226,68
157.55.109.228,37
183.61.51.120,507
96.17.109.139,395
42.81.22.148,375
111.221.29.149,200
111.221.29.144,484
205.197.140.160,304
111.221.29.146,340
124.193.230.160,221
111.221.29.141,344
111.221.29.143,391
121.40.214.17,448
23.5.209.47,282
184.50.87.75,311
184.50.87.73,312
112.90.142.107,442
111.178.234.59,77
91.189.91.26,498
74.125.204.139,401
74.125.204.138,404
192.36.31.11,202
13.75.124.215,98
23.42.105.103,184
72.246.190.120,459
220.181.112.244,461
52.183.114.173,71
216.58.200.238,520
65.200.22.202,327
216.58.200.234,274
104.118.116.157,210
72.247.184.88,124
36.110.171.50,494
52.175.23.79,116
120.76.125.235,15
40.77.228.92,151
23.201.160.209,109
23.32.125.151,284
202.89.233.100,45
202.89.233.101,60
104.115.138.144,454
218.76.79.192,95
124.193.226.97,366
131.253.61.70,167
113.96.231.11,425
113.96.231.13,142
52.239.184.4,354
124.193.226.98,364
104.78.28.155,258
223.252.199.10,21
13.78.93.8,136
124.192.132.230,119
124.192.132.236,118
69.192.9.60,149
104.75.169.99,516
220.181.111.188,463
10.0.0.139,23
172.29.90.188,39
104.44.88.24,450
183.91.33.85,315
184.31.66.141,172
104.44.88.28,193
199.239.182.194,225
104.74.128.87,52
168.61.130.142,252
59.37.96.250,213
204.79.197.213,44
219.238.20.83,368
118.178.213.186,362
119.147.32.142,253
23.53.196.114,137
183.134.9.62,83
23.73.212.108,420
23.100.86.91,162
52.175.112.24,94
221.228.75.211,387
140.206.165.81,179
13.76.219.210,76
23.44.162.2,486
40.77.226.13,248
104.115.118.167,388
40.77.226.16,358
54.230.51.52,452
124.239.161.164,350
182.254.86.159,175
111.221.29.117,295
111.221.29.116,325
111.221.29.115,297
111.221.29.114,298
111.221.29.113,132
111.221.29.111,380
180.149.132.107,496
182.254.114.108,157
111.221.29.119,470
111.221.29.118,447
10.0.0.39,492
10.0.0.31,257
10.0.0.30,195
52.229.174.233,91
10.0.0.35,14
10.0.0.34,198
111.221.29.162,355
191.234.23.27,397
120.27.34.24,472
111.221.29.160,357
111.221.29.238,31
185.48.81.162,238
36.248.5.59,36
111.221.29.236,35
52.229.170.224,53
64.233.189.113,409
23.4.240.26,514
23.61.194.41,456
211.151.53.243,150
183.60.18.179,173
74.125.23.113,415
23.219.33.179,42
1.194.230.34,394
220.112.195.200,518
111.221.29.13,147
124.193.230.187,335
23.210.215.65,234
211.71.75.165,211
23.32.241.177,428
112.80.23.26,17
104.74.105.219,127
183.60.62.158,347
184.51.198.11,321
65.55.252.202,245
52.229.172.155,216
104.108.70.66,417
52.239.151.132,180
111.221.29.156,488
113.96.231.25,480
116.242.0.144,264
116.242.0.145,2
116.242.0.143,434
124.239.161.170,421
61.213.189.179,429
104.208.248.24,237
204.79.197.254,106
180.76.135.16,365
104.127.192.68,177
104.46.38.64,231
10.0.0.9,40
125.39.247.226,204
207.46.237.84,227
10.0.0.4,41
10.0.0.6,241
10.0.0.1,3
2.18.213.201,62
10.0.0.2,1
103.254.188.50,121
219.238.20.101,369
211.161.85.74,433
10.0.0.20,187
58.222.45.104,85
23.10.249.19,419
211.162.48.157,9
184.50.87.19,308
96.17.109.146,111
23.207.98.199,56
104.118.66.103,299
111.221.29.153,519
111.221.29.152,86
23.34.44.161,194
111.221.29.150,505
219.238.20.88,367
111.221.29.155,291
108.177.125.188,521
175.190.19.179,209
40.100.28.210,239
172.27.166.109,440
23.211.162.244,26
220.181.76.84,123
10.0.0.196,102
220.181.76.82,38
220.181.76.83,13
101.247.51.142,483
111.221.29.74,464
40.100.17.2,235
112.90.142.139,443
111.221.29.46,43
111.221.29.40,69
182.254.89.155,272
74.125.204.100,403
182.254.49.103,191
74.125.204.102,400
172.26.60.145,114
23.62.226.201,165
23.46.134.135,482
111.221.29.128,473
111.221.29.129,341
111.221.29.126,293
111.221.29.124,360
40.77.229.141,170
10.0.0.179,353
111.221.29.120,475
111.221.29.121,50
112.87.43.62,4
23.211.146.92,54
13.107.3.128,183
124.200.113.96,363
124.200.113.95,370
121.51.141.15,120
112.87.43.208,99
207.46.154.155,378
23.51.209.143,218
14.17.29.204,287
2.21.134.29,426
74.125.203.188,531
23.75.51.231,302
104.76.8.135,155
104.118.138.202,122
124.239.161.133,351
72.246.150.121,146
122.13.15.228,11
23.10.129.52,377
124.239.161.134,348
182.254.40.171,59
23.33.178.19,410
182.254.42.91,134
23.217.143.123,154
199.239.182.179,219
104.75.169.80,517
23.32.241.144,427
65.200.22.240,326
13.32.2.13,197
122.228.24.164,81
58.220.74.202,82
23.48.21.116,224
23.37.120.220,171
124.202.166.56,342
180.149.131.245,508
173.223.15.162,301
101.246.190.151,229
101.246.190.152,220
183.91.33.92,242
52.229.175.79,306
131.253.14.227,207
124.192.132.242,145
13.75.106.0,266
131.253.14.229,232
74.125.204.101,399
205.197.140.139,305
111.221.29.198,72
52.175.18.194,260
111.221.29.193,63
104.95.211.152,383
184.31.40.240,392
208.185.115.98,108
64.4.54.153,527
157.55.109.224,384
40.122.44.183,269
10.0.0.53,462
10.0.0.55,469
10.0.0.54,468
104.215.198.144,513
205.197.140.145,396
111.221.29.97,328
111.221.29.163,476
111.221.29.95,57
61.213.189.194,430
111.221.29.166,296
111.221.29.164,330
111.221.29.90,477
111.221.29.169,329
111.221.29.99,381
111.221.29.98,290
40.77.226.92,73
115.159.241.223,373
115.159.241.221,371
10.0.0.25,30
40.77.232.101,93
10.0.0.21,249
10.0.0.22,246
104.95.200.78,523
122.193.41.72,104
111.221.29.79,251
111.221.29.78,334
111.221.29.122,51
23.61.194.171,445
23.61.194.170,446
52.175.36.137,115
219.238.2.189,205
23.42.178.249,133
64.233.189.102,406
219.238.2.185,223
64.233.189.100,405
74.125.23.102,416
74.125.23.100,101
74.125.23.101,414
40.100.54.18,259
23.67.178.178,32
180.149.131.209,497
137.116.1.78,144
23.97.61.137,438
23.38.162.30,390
153.37.208.6,10
69.63.176.59,530
113.96.231.39,361
101.254.240.150,499
101.254.240.151,511
40.113.14.159,240
52.177.184.71,268
182.254.48.144,129
52.239.157.132,250
104.116.243.9,309
65.200.22.233,352
202.112.154.69,487
101.199.97.234,276
13.78.94.7,267
23.206.234.83,215
175.188.163.52,435
101.247.161.173,263
52.229.174.94,271
137.116.165.189,208
207.46.153.155,75
112.90.142.154,174
10.0.0.16,389
10.0.0.13,243
10.0.0.18,502
119.75.222.122,169
40.77.225.251,528
184.87.64.57,346
35.160.135.65,199
23.13.191.156,185
207.46.155.185,47
112.90.138.231,254
211.162.0.238,222
74.125.204.113,402
13.107.5.88,226
131.253.61.80,160
131.253.61.82,164
131.253.61.84,66
23.62.226.176,148
111.221.29.135,504
111.221.29.137,359
111.221.29.136,331
54.197.233.81,275
111.221.29.130,322
111.221.29.133,90
111.221.29.132,356
222.138.1.147,489
40.100.28.194,479
74.125.203.101,285
2.18.213.152,46
184.51.198.43,320
23.59.8.8,212
103.18.208.198,471
47.93.77.222,372
180.149.133.222,493
211.159.130.103,506
202.112.144.244,376
111.221.29.254,20
23.55.208.25,526
64.233.189.138,408
64.233.189.139,374
72.246.150.122,314
13.107.42.254,105
52.85.176.163,203
216.58.200.33,491
67.215.246.203,5
23.2.36.165,345
122.228.24.179,84
61.135.189.44,230
58.220.74.212,88
124.193.0.38,481
58.250.10.140,255
131.253.14.231,233
131.253.14.230,135
124.239.161.131,349
61.184.117.51,80
96.17.151.106,411
119.29.49.207,500
23.219.32.120,485
138.68.21.244,495
52.175.37.135,379
124.239.161.135,422
58.250.11.124,143
52.239.156.132,286
40.90.136.1,457
14.18.206.66,214
23.209.11.36,217
182.254.92.140,22
120.76.67.2,113
91.190.219.146,270
157.55.109.232,332
65.182.170.12,280
104.70.194.205,529
182.254.21.82,139
23.62.226.208,424
10.0.0.48,24
117.18.237.29,228
111.202.62.120,189
104.78.98.214,190
10.0.0.42,7
10.0.0.43,25
10.0.0.46,385
121.194.49.99,0
10.0.0.45,18
182.254.86.172,58
205.197.140.152,303
111.221.29.171,339
111.221.29.81,338
111.221.29.82,333
111.221.29.83,289
111.221.29.174,61
23.2.132.207,112
111.221.29.87,474
111.221.29.89,67
104.41.207.73,323
131.253.34.240,130
72.246.150.96,168
13.91.100.157,465
52.239.150.164,439
113.96.231.243,437
111.221.29.66,49
23.32.241.83,161
23.32.241.82,247
111.221.29.214,110
111.221.29.211,126
111.221.29.212,55
111.221.29.213,163
111.178.234.57,89
42.81.29.33,28
74.125.23.139,413
74.125.23.138,412
191.234.20.241,265
23.4.240.48,515
23.46.130.173,138
222.174.239.173,398
52.229.174.172,288
182.254.48.226,140
23.38.248.227,525
182.254.48.224,181
216.137.61.101,451
104.122.86.189,436
104.116.243.162,158
111.221.29.85,125
40.77.228.87,64
104.116.243.169,310
117.103.182.210,156
52.239.184.36,478
23.45.145.173,524
64.233.189.101,407
52.178.178.16,19
131.253.61.68,159
72.246.190.145,460
203.100.92.12,277
140.207.124.210,196
131.253.61.66,65
131.253.61.64,97
223.252.199.66,6
23.59.93.160,294
23.66.99.37,262
223.252.199.69,16
104.75.240.105,178
208.185.115.123,141
104.118.92.35,186
113.96.231.253,316
91.189.91.23,501
208.72.195.5,100
172.27.88.254,128
203.208.43.23,176
172.27.159.253,188
42.62.94.2,279
104.90.162.146,431
131.253.61.102,166
23.10.249.34,418
131.253.61.100,96
203.100.93.112,441
23.42.233.99,182
40.100.20.2,192
184.27.167.102,300
124.193.230.158,444
40.69.176.24,449
184.31.36.197,386
23.99.112.148,236
111.221.106.240,244
218.249.29.198,509
52.239.157.196,393
13.107.6.254,107
111.221.29.80,343
40.77.224.11,261
23.66.95.119,278
115.231.30.105,87
119.147.32.143,512
23.61.194.27,455
131.253.61.98,206
111.221.29.172,201
131.253.61.96,48
23.32.241.64,313
111.221.29.108,382
111.221.29.109,336
104.77.59.117,458
104.110.1.229,153
111.221.29.101,337
111.221.29.103,34
111.221.29.104,324
111.221.29.105,33
111.221.29.107,292
